TRINCIATI PER SIGARETTA;NATURAL AMERICAN SPIRIT 80;2294;195.0;-1.0;-1.0;15.599999;0.08;4043058005012;NO;1
SIGARETTE;WINSTON CLASSIC 100'S;1783;225.0;2.0;2.0;4.5;0.2;40329222;4032900000220;10
TRINCIATI PER SIGARETTA;DOMINGO CELESTE;1708;180.0;0.0;0.0;7.2;0.4;5411808062520;5411808162527;10
SIGARETTE;ROTHMANS OF LONDON RED DA 10 ;2861;210.0;6.0;6.0;2.1;0.2;5000219023666;5000219023673;20
SIGARETTE;CAMEL FILTERS SOFT;270;230.0;3.0;1.0;4.6;0.2;40329321;4032900005027;10
TRINCIATI PER SIGARETTA;MS MAXXI 10G;2873;200.0;1.3;0.9;2.0;0.1;8723900208612;8723900208629;10
SIGARETTE;FORTUNA AZUL SUPER SLIMS;2428;215.0;0.0;0.0;4.3;0.2;4030600051016;4030600051023;10
SIGARETTE;DAVIDOFF CLASSIC;728;250.0;2.0;2.0;5.0;0.2;40307381;4030600008294;10
SIGARI;TOSCANELLO AROMA GRAPPA;1701;172.0;1.9;1.9;4.3;0.25;8059145100818;8027463288884;10
TRINCIATI PER SIGARETTA;GOLDEN VIRGINIA ABSOLUTE;2623;185.0;0.0;0.0;3.7;0.2;8710900083509;NO;10
SIGARETTE;DIANA BLU 100'S;1983;225.0;2.0;2.0;4.5;0.2;80729907;8032817680108;10
TRINCIATI PER SIGARETTA;BREAK ORIGINAL 20 GR;2742;195.0;1.5;1.5;3.9;0.2;5710840081491;NO;10
SIGARETTE;YESMOKE 1.0;2341;210.0;3.0;2.0;4.2;0.2;8033254841510;8033254843316;10
TRINCIATI PER SIGARETTA;ORIGENES VIRGINIA 30GR;2530;185.0;0.0;0.0;5.55;0.3;8710900082779;NO;10
SIGARETTE;MS SPECIAL 20'S;2424;225.0;1.0;0.0;4.5;0.2;42197683;4031300087312;10
SIGARETTE;LIDO ROSSE;629;225.0;3.0;3.0;4.5;0.2;8027463106294;8027463206291;10
SIGARETTE;MS ROSSE;993;225.0;3.0;2.0;4.5;0.2;8027463109936;8027463209933;10
SIGARETTE;PALL MALL POCKET 20'S;2270;225.0;2.0;2.0;4.5;0.2;59038306;5903141007790;10
SIGARETTI;AL CAPONE POCKETS FILTER 10;1873;100.0;1.0;1.0;2.5;0.5;4004018002038;NO;20
SIGARETTE;WINSTON SILVER;134;225.0;1.0;1.0;4.5;0.2;40329598;4032900005829;10
TRINCIATI PER SIGARETTA;MANILA ;126;185.0;0.6;0.6;7.4;0.4;4002450223301;NO;10
TRINCIATI PER PIPA;TROOST AROMATIC CAVENDISH;220;170.0;0.0;0.0;8.5;0.25;5712341057784;5712341057791;5
SIGARETTE;ROTHMANS KS RED;692;260.0;2.0;2.0;5.2;0.2;87217667;8721700973914;10
SIGARETTE;DAVIDOFF ID TOUCH BLUE;2665;240.0;0.0;0.0;4.8;0.2;4030600072714;NO;10
SIGARETTI;MOODS;881;122.0;0.8;0.8;6.1;0.5;4004018202001;NO;10
SIGARETTE;BENSON & HEDGES RED;2981;210.0;4.0;3.0;4.2;0.2;32581700855194033100045813;4033100045820;10
SIGARETTE;L&M ORANGE LABEL KS;1302;210.0;0.0;0.0;4.2;0.2;40235806;NO;10
TRINCIATI PER SIGARETTA;FORTUNA RED;1849;185.0;2.8;2.8;7.4;0.4;8416000501072;NO;10
TRINCIATI PER SIGARETTA;ORIGENES 75G;2417;186.0;0.0;0.0;13.95;0.375;8710900094987;NO;5
TRINCIATI PER SIGARETTA;ROLL YOUR OWN HALFZWARE SHAG;2553;190.0;0.8;0.7;5.7000003;0.3;5707294093262;NO;10
SIGARETTE;L&M BLUE LABEL KS;1303;210.0;3.0;3.0;4.2;0.2;40235042;4023500030083;10
SIGARETTI;AGIO MINI MEHARI'S ECUADOR;615;152.0;0.0;0.0;3.8;0.25;8710622511717;NO;10
SIGARETTE;ROTHMANS OF LONDON RED 20;2860;210.0;3.0;3.0;4.2;0.2;5000219023642;5000219023659;10
SIGARETTE;FORTUNA RED;1213;215.0;0.0;0.0;4.3;0.2;8416000500693;8416000600201;10
TRINCIATI PER SIGARETTA;WINSTON RED (15G);3039;166.67;2.5;2.4;2.50005;0.15;5010175819777;5010175819784;10
SIGARETTE;MERIT SOFT;2656;240.0;3.0;2.0;4.8;0.2;80996859;8032817680603;10
SIGARETTE;MS 100'S DE LUXE;827;225.0;1.0;1.0;4.5;0.2;8027463108274;8027463208271;10
SIGARETTE;WINSTON CLASSIC SOFT;245;220.0;0.0;0.0;4.4;0.2;40329345;NO;10
TRINCIATI PER SIGARETTA;WINSTON BLUE 20G;2710;180.0;0.0;0.0;3.6;0.2;5010175817131;5010175817148;10
SIGARETTE;DIANA ROSSA KS SOFT;234;225.0;5.0;3.0;4.5;0.2;40235172;4023500030014;10
TRINCIATI PER SIGARETTA;ORIGENES VIRGINIA 75GR;2531;186.0;0.0;0.0;13.95;0.375;8710900094956;NO;5
SIGARETTI;PANTER FILTER DESSERT 20;1841;92.0;1.6;1.6;4.6;0.5;8710622500650;NO;10
SIGARETTE;DIANA AZZURRA KS ;460;225.0;4.0;3.0;4.5;0.2;40235479;4023500001250;10
SIGARETTE;ESSE;2573;215.0;0.0;0.0;4.3;0.2;88006642;NO;10
SIGARETTE;PHILIP MORRIS SELECTION ONE;2695;225.0;2.0;2.0;4.5;0.2;80910503;8032817680658;10
SIGARETTE;FORTUNA CELESTE SUPER SLIMS;2429;215.0;2.0;2.0;4.3;0.2;4030600051047;4030600051054;10
SIGARETTE;BENSON & HEDGES YELLOW;3015;210.0;3.0;2.0;4.2;0.2;4033100049095;4033100049101;10
SIGARETTE;ST. MORITZ MENTHOL;533;275.0;0.0;0.0;5.5;0.2;87217636;8721700982510;10
SIGARI;TOSCANELLO AROMA FONDENTE;2022;180.0;0.6;0.6;4.5;0.25;8059145100832;8027463288815;10
SIGARETTI;AGIO MINI MEHARI'S FILTER NATURAL 20;2751;86.0;1.0;1.0;4.3;0.5;8710622512080;8710622512110;10
SIGARETTE;LUCKY STRIKE BLUE;867;240.0;1.0;1.0;4.8;0.2;40313405;4031300010525;10
SIGARETTE;WINSTON AMBER 100'S;2385;225.0;0.0;0.0;4.5;0.2;4033100016097;4033100016103;10
TRINCIATI PER SIGARETTA;BLUES VIRGINIA BLEND 30GR;2491;180.0;0.0;0.0;5.4000006;0.3;8027463181666;NO;10
SIGARETTE;DIANA BIANCA;2208;225.0;4.0;4.0;4.5;0.2;80749684;8032817680276;10
SIGARETTE;MORE 120'S FILTER;467;265.0;1.0;1.0;5.3;0.2;40329956;4032900005157;10
TRINCIATI PER PIPA;CLAN AROMATIC;797;160.0;1.2;1.0;8.0;0.25;5712341134256;5712341134263;5
SIGARETTE;WINSTON AMBER;2384;225.0;2.0;2.0;4.5;0.2;4033100016066;4033100016073;10
SIGARETTE;MARLBORO GOLD ORIGINAL POCKET PACK;2658;240.0;1.0;1.0;4.8;0.2;80939184;8032817680627;10
SIGARETTI;MOODS MINI FILTER;2102;124.0;0.1;0.1;3.1;0.5;4004018001994;NO;20
TRINCIATI PER PIPA;COMUNE;265;110.0;0.4;0.2;4.4;0.4;8059145100030;8059145200037;10
SIGARETTI;BREAK BLUE;2735;68.0;1.1;1.1;3.4;0.5;8720400328345;NO;10
TRINCIATI PER SIGARETTA;CAMEL BLUE 20G;2711;180.0;2.4;2.0;3.6;0.2;5010175817490;5010175817506;10
SIGARETTE;JPS SILVER 100;2883;210.0;1.0;0.0;4.2;0.2;3258171940169;3258172940168;10
SIGARETTE;CAMEL FILTERS DA 10;377;240.0;0.0;0.0;2.4;0.2;40329659;4032900004518;20
SIGARETTE;BRERA;61;215.0;1.0;1.0;4.3;0.2;8027463100612;8027463200619;10
SIGARETTE;MS BIONDE;177;225.0;8.0;6.0;4.5;0.2;8027463101770;8027463201777;10
SIGARETTE;FORTUNA CELESTE;1276;215.0;0.0;0.0;4.3;0.2;8416000500778;8416000600331;10
TRINCIATI PER SIGARETTA;WEST RED;258;185.0;1.1;1.4;7.4;0.4;000040295480;NO;10
SIGARETTE;ROTHMANS OF LONDON BLU DA 10;2653;210.0;5.0;1.0;2.1;0.2;59460602;5948530003885;20
SIGARETTE;STOP K.S. FILTRO;660;225.0;3.0;3.0;4.5;0.2;8027463106607;8027463206604;10
TRINCIATI PER SIGARETTA;TILBURY AMERICAN BLEND;930;195.0;1.0;1.0;7.8;0.4;4002450220058;NO;10
TRINCIATI PER PIPA;MAC BAREN MIXTURE;346;150.0;2.4;2.2;7.5;0.25;5712342520652;5712342520102;5
SIGARETTE;MORE MENTHOL 120'S;445;265.0;1.0;1.0;5.3;0.2;40329963;4032900005164;10
SIGARETTE;WINSTON CLASSIC ;91;225.0;4.0;3.0;4.5;0.2;40329253;4032900005447;10
SIGARETTE;FORTUNA ONE;2100;215.0;0.0;0.0;4.3;0.2;8416000501249;8416000600911;10
SIGARETTE;MORE SPECIAL WHITES 120'S;860;265.0;1.0;1.0;5.3;0.2;40329864;4032900000558;10
SIGARETTE;CAMEL FILTERS;264;240.0;5.0;5.0;4.8;0.2;40329055;4032900000053;10
SIGARETTI;BREAK ORIGINAL;2734;68.0;0.6;0.2;3.4;0.5;8720400328338;NO;10
SIGARETTE;ELIXYR RED;1480;210.0;0.0;0.0;4.2;0.2;54503564;5450021008052;10
TRINCIATI PER SIGARETTA;DRUM YELLOW;430;185.0;0.9;0.9;7.4;0.4;8710900071186;NO;10
SIGARETTE;MS BIONDE SOFT;176;225.0;9.0;4.0;4.5;0.2;8027463101763;8027463201760;10
SIGARETTE;JPS BLUE 100;2288;210.0;1.0;0.0;4.2;0.2;3258171940152;3258172940151;10
SIGARETTE;YUMA ORGANIC;2430;225.0;0.0;0.0;4.5;0.2;5452002801720;NO;10
SIGARETTI;MOODS GOLDEN TASTE FILTER;1232;124.0;0.7;0.7;6.2;0.5;4004018202100;NO;10
TRINCIATI PER SIGARETTA;ROLL YOUR OWN VIRGINIA BLEND;2554;190.0;0.5;0.5;5.7000003;0.3;5707294093323;NO;10
SIGARETTE;BENSON & HEDGES WHITE;3016;210.0;2.0;2.0;4.2;0.2;5010175802250;4033100049132;10
SIGARI;TOSCANELLO AROMA CAFFE';1267;168.0;1.6;1.6;4.2;0.25;8059145100801;8027463299989;10
SIGARETTE;MARLBORO CORE FLAVOR KS;2373;240.0;1.0;1.0;4.8;0.2;80913306;8032817680405;10
TRINCIATI PER PIPA;ITALIA;980;130.0;0.8;0.5;5.2;0.4;8059145100016;8059145200013;10
SIGARETTE;LUCKY STRIKE RED;451;240.0;1.0;1.0;4.8;0.2;87196429;4031300006672;10
SIGARI;PEDRONI PINA COLADA;2329;100.0;1.2;1.2;1.0;0.2;8059145100900;NO;20
SIGARETTE;ROTHMANS OF LONDON WHITE;3012;210.0;1.0;1.0;4.2;0.2;5000219023888;5000219023895;10
SIGARETTE;YUMA ORGANIC GIALLA;2431;225.0;0.0;0.0;4.5;0.2;5452002801751;5452002801768;10
SIGARETTE;BENSON & HEDGES BLUE;2982;207.5;6.0;5.0;4.15;0.2;4033100045844;4033100045851;10
SIGARETTE;WINSTON ONE;1248;225.0;1.0;1.0;4.5;0.2;40329581;4033100009280;10
TRINCIATI PER SIGARETTA;WINSTON BLUE (15G) ;3041;166.67;2.9;2.2;2.50005;0.15;5010175819746;5010175819753;10
SIGARETTE;MS BLU;149;225.0;0.0;0.0;4.5;0.2;8027463101497;8027463201494;10
SIGARETTE;WINSTON XS BLUE;2700;225.0;2.0;2.0;4.5;0.2;4033100037672;4033100037689;10
TRINCIATI PER PIPA;FORTE;276;117.5;1.1;1.0;4.7;0.4;8059145100023;8059145200020;10
TRINCIATI PER SIGARETTA;FORTUNA BLUE 20 G;1996;185.0;2.6;2.6;3.7;0.2;3258175992669;3258172992662;10
SIGARETTE;DIANA SLIM BLU;913;225.0;4.0;3.0;4.5;0.2;40235875;4023500001267;10
TRINCIATI PER SIGARETTA;ORIGENES;2293;185.0;0.0;0.0;5.55;0.3;8710900082755;NO;10
TRINCIATI PER SIGARETTA;PALL MALL FREE;2671;186.67;0.9;0.9;2.8000503;0.15;8723900203419;NO;10
SIGARI;LA PAZ 5 WILDE CIGARROS AROMA;719;108.0;1.5;1.5;2.7;0.25;8719800150014;8719800150717;10
TRINCIATI PER SIGARETTA;BLACK DEVIL SMOOTH FLAVOUR;2256;180.0;0.2;0.2;7.2;0.2;8710151561962;NO;5
SIGARETTE;MS INTERNATIONAL 100'S;60;225.0;0.0;0.0;4.5;0.2;8027463100605;8027463200602;10
SIGARETTI;AGIO MINI MEHARI'S JAVA;631;152.0;0.7;0.6;3.8;0.25;8710622511779;NO;10
SIGARETTE;KENT SILVER;1220;260.0;1.0;1.0;5.2;0.2;42145394;5410833702685;10
TRINCIATI PER SIGARETTA;LUCKY STRIKE GUSTO AUTENTICO BLU;2764;186.67;1.0;0.7;2.8000503;0.15;8723900207073;8723900207080;10
TRINCIATI PER SIGARETTA;YUMA ORGANIC;2454;190.0;0.2;0.2;5.7000003;0.15;5452002801904;NO;5
SIGARETTE;JPS RED 100;2287;210.0;1.0;0.0;4.2;0.2;3258171940176;3258172940175;10
SIGARETTE;LUCKY STRIKE GUSTO AUTENTICO BLU DA 10;2615;240.0;0.0;0.0;2.4;0.2;59931003;5998900412557;20
SIGARETTE;ROTHMANS OF LONDON BLUE 20;2652;210.0;6.0;5.0;4.2;0.2;59460626;5948530003861;10
SIGARETTE;DIANA ROSSA KS ;233;225.0;12.0;-1.0;4.5;0.2;40235028;4023500030007;10
SIGARETTI;MOODS SILVER;2619;126.66;0.4;0.4;3.7998002;0.3;4004018012600;4004018015014;10
TRINCIATI PER SIGARETTA;JPS BLUE 10G;2911;200.0;3.4;3.2;2.0;0.1;8710900009523;8710900809536;10
SIGARETTE;GAULOISES BLONDES ROSSA DA 10;1773;220.0;0.0;0.0;2.2;0.2;30030077;NO;20
SIGARETTE;WINSTON BLUE;338;225.0;10.0;4.0;4.5;0.2;40329574;4032900005805;10
SIGARETTI;PANTER DESSERT;1277;90.0;1.2;1.1;4.5;0.5;8710622601623;NO;10
SIGARETTE;ELIXYR MENTHOL;1719;210.0;2.0;1.0;4.2;0.2;54503670;5450021007932;10
SIGARETTE;VIRGINIA SLIMS NERA;2190;230.0;0.0;0.0;4.6;0.2;80746874;8032817680245;10
SIGARETTE;JPS RED SOFT;2957;200.0;0.0;0.0;4.0;0.2;4030600091722;NO;10
TRINCIATI PER SIGARETTA;CAMEL ESSENTIAL 80G;2637;181.25;0.2;0.0;14.5;0.4;4033100024191;NO;5
SIGARETTE;MARLBORO GOLD BEYOND;2572;260.0;2.0;2.0;5.2;0.2;80774525;8032817680511;10
TRINCIATI PER SIGARETTA;LUCKY STRIKE GUSTO AUTENTICO 50 G;2607;186.0;0.0;0.0;9.3;0.25;8723900202535;NO;5
TRINCIATI PER SIGARETTA;BREAK ORIGINAL 80 GR;2744;195.0;1.0;1.0;15.599999;0.08;5710840081552;NO;1
SIGARETTE;DIANA BLU KS SOFT;406;225.0;3.0;2.0;4.5;0.2;87248319;4023500030038;10
SIGARETTE;PETER STUYVESANT INTERNATIONAL;348;220.0;1.0;1.0;4.4;0.2;40307947;4030600005767;10
TRINCIATI PER SIGARETTA;OLD HOLBORN 25GR;2528;200.0;0.9;0.9;5.0;0.25;5010175800270;NO;10
SIGARETTE;DAVIDOFF MENTHOL ;522;250.0;1.0;1.0;5.0;0.2;40306698;4030600001820;10
SIGARETTE;BENSON & HEDGES BLUE 100'S;3014;210.0;1.0;1.0;4.2;0.2;4033100049187;4033100049194;10
SIGARETTE;CAMEL ICON BLUE;2321;230.0;0.0;0.0;4.6;0.2;4033100012938;4033100012945;10
TRINCIATI PER SIGARETTA;DRUM WHITE;361;185.0;0.6;0.4;7.4;0.4;8710900071292;NO;10
TRINCIATI PER SIGARETTA;DRUM BRIGHT BLUE;706;185.0;0.8;0.8;7.4;0.4;8710900071162;NO;10
SIGARETTE;CHESTERFIELD BLUE KS DA 10;5;220.0;3.0;2.0;2.2;0.2;87248210;8724800001952;20
SIGARETTE;GAULOISES BLONDES BLU;558;220.0;2.0;2.0;4.4;0.2;30003002;3258170924337;10
TRINCIATI PER SIGARETTA;FORTUNA BLUE;1997;185.0;0.0;0.0;7.4;0.4;8416000501188;NO;10
TRINCIATI PER SIGARETTA;CAMEL BLUE 10G;2876;190.0;1.5;1.5;1.9;0.1;5010175818725;5010175818732;10
TRINCIATI PER PIPA;DOVER;2718;116.0;0.2;0.2;2.9;0.125;5998900506959;NO;5
SIGARETTE;PETER STUYVESANT GOLD 100'S;1788;220.0;1.0;1.0;4.4;0.2;42068273;4030600012420;10
TRINCIATI PER SIGARETTA;CHESTERFIELD ORIGINAL 80 G;2557;183.75;1.0;1.0;14.7;0.4;8032817680498;NO;5
SIGARETTE;LUCKY STRIKE GUSTO AUTENTICO;2612;240.0;2.0;1.0;4.8;0.2;42221913;4031300100271;10
TRINCIATI PER SIGARETTA;DRUM ORIGINAL;336;185.0;1.1;1.0;7.4;0.4;8710900071001;NO;10
SIGARETTE;VIRGINIA SLIMS BIANCA;2189;230.0;0.0;0.0;4.6;0.2;80746867;8032817680238;10
SIGARETTE;CAMEL ESSENTIAL BLUE;2240;240.0;1.0;1.0;4.8;0.2;42137252;4033100007255;10
SIGARETTE;BENSON & HEDGES BLUE DA 10;2983;210.0;0.0;0.0;2.1;0.2;4033100045905;4033100045912;20
TRINCIATI PER SIGARETTA;ARIZONA VIRGINIA;2157;180.0;0.7;0.7;5.4000006;0.3;5411808062698;NO;10
SIGARETTE;CAMEL ACTIVATE WHITE DA 10 ;3022;240.0;0.0;0.0;2.4;0.2;4033100048814;NO;20
SIGARETTE;PHILIP MORRIS SELECTION AZURE;2694;225.0;1.0;0.0;4.5;0.2;80974581;8032817680665;10
SIGARETTE;LUCKY STRIKE BLUE DA 10;1836;240.0;0.0;0.0;2.4;0.2;40318462;4031800001184;20
SIGARETTE;CHESTERFIELD SILVER;2257;215.0;1.0;1.0;4.3;0.2;80790242;8032817681167;10
SIGARETTE;WINSTON CLASSIC DA 10;1775;220.0;0.0;-1.0;2.2;0.2;40329543;4032900004501;20
TRINCIATI PER SIGARETTA;DOMINGO NATURAL 30 G;2307;180.0;0.0;0.0;5.4;0.36;5411808062780;5411808162787;12
SIGARETTE;ROTHMANS KS BLUE;221;260.0;0.0;0.0;5.2;0.2;50393305;8721700973013;10
SIGARETTE;BENSON & HEDGES RED 100'S;3013;210.0;2.0;2.0;4.2;0.2;4033100012037;4033100049163;10
TRINCIATI PER SIGARETTA;CAMEL 20G;2772;180.0;3.0;1.9;3.6;0.2;5010175817971;5010175817988;10
TRINCIATI PER SIGARETTA;OLD HOLBORN YELLOW 25GR;2529;200.0;0.6;0.5;5.0;0.25;5010175800294;NO;10
SIGARETTE;PALL MALL NEW ORLEANS (RED) KS DA 10;716;230.0;0.0;0.0;2.3;0.2;40318363;4031800001504;20
TRINCIATI PER SIGARETTA;SALSA SMOOTH TASTE 20 GR;2588;180.0;0.0;0.0;3.6;0.1;NO;NO;5
SIGARETTI;CAFE' CREME FILTER AROME;1233;128.0;0.5;0.5;3.2;0.25;8720400100743;8720400100750;10
SIGARETTE;MULTIFILTER PHILIP MORRIS SLIMS BLU;369;260.0;1.0;1.0;5.2;0.2;87248906;4023500022804;10
SIGARETTE;MERIT BIANCA SLIM;81;250.0;4.0;3.0;5.0;0.2;87248234;8724800000528;10
SIGARI;PEDRONI VANILLA ICE;2330;100.0;0.0;0.0;1.0;0.2;8027463181574;NO;20
SIGARETTE;BLACK DEVIL FINEST FLAVOUR;2164;215.0;0.0;0.0;4.3;0.2;8710151558375;8710151558382;10
TRINCIATI PER SIGARETTA;CHESTERFIELD ORIGINAL;2556;185.0;2.8;1.9;3.7;0.2;8032817680474;8032817680481;10
SIGARETTE;FORTUNA BLUE;1217;215.0;1.0;0.0;4.3;0.2;8416000500709;8416000600218;10
TRINCIATI PER SIGARETTA;MAYA (20G);2759;180.0;1.0;1.0;3.6;0.2;8711213001860;8711213011869;10
SIGARETTE;PALL MALL SAN FRANCISCO (BLUE) KS DA 10;668;230.0;0.0;0.0;2.3;0.2;40318370;4031800001542;20
TRINCIATI PER SIGARETTA;MANITOU VIRGINIA GOLD;2487;180.0;0.4;0.4;5.4000006;0.3;4006396157850;NO;10
SIGARETTE;EURA;887;225.0;1.0;1.0;4.5;0.2;8027463108878;8027463208875;10
SIGARETTE;GLAMOUR BLUES SUPERSLIMS;2217;220.0;2.0;1.0;4.4;0.2;5903191017893;5903191017909;10
SIGARETTE;MARLBORO 100S ;819;260.0;0.0;0.0;5.2;0.2;87248432;8724800001822;10
SIGARETTE;LUCKY STRIKE GUSTO AUTENTICO DA 10;2613;240.0;1.0;1.0;2.4;0.2;59930976;5998900412526;20
SIGARETTE;DIANA ROSSA KS DA 10;621;230.0;1.0;1.0;2.3;0.2;87248227;8724800001167;20
SIGARETTE;GAULOISES BLONDES ROSSA;640;220.0;2.0;0.0;4.4;0.2;30003019;3258171910957;10
SIGARETTE;CORTINA SUPER SLIM ;222;250.0;1.0;1.0;5.0;0.2;40318448;4031800001436;10
TRINCIATI PER SIGARETTA;BLUES AMERICAN BLEND 30GR;2492;180.0;0.8;0.8;5.4000006;0.3;8027463181888;NO;10
SIGARETTE;MERIT BLU 100S ;256;260.0;1.0;1.0;5.2;0.2;87248463;8724800001624;10
SIGARETTE;MARLBORO SILVER DA 10;2687;260.0;0.0;0.0;2.6;0.2;87292398;8032817680696;20
SIGARETTE;BENSON & HEDGES RED DA 10;2980;210.0;0.0;0.0;2.1;0.2;90228643;4033100045882;20
SIGARETTE;FUTURA CLASSICA;604;220.0;0.0;0.0;4.4;0.2;8033765631051;8033765632058;10
SIGARI;TOSCANELLO CAFFϿϿ� DOLCE;2803;180.0;1.0;1.0;4.5;0.25;8059145102386;NO;10
TRINCIATI PER SIGARETTA;ORIGINAL TRADITION VANILLA;18408;175.0;1.1;1.1;3.5;0.2;5411808061431;NO;10
SIGARETTE;WINSTON BLUE 100'S;1784;225.0;1.0;1.0;4.5;0.2;40331423;4033100002427;10
TRINCIATI PER SIGARETTA;LUCKY STRIKE GUSTO AUTENTICO;2605;186.67;0.9;0.6;2.8000503;0.15;8723900202504;8723900202528;10
SIGARETTE;DAVIDOFF RICH BLUE;2009;250.0;0.0;0.0;5.0;0.2;4030600022139;NO;10
SIGARETTE;FORTUNA RED DA 10;1726;215.0;1.0;0.0;2.15;0.2;84160270;8416000600225;20
SIGARETTE;GLAMOUR PINKS SUPERSLIMS;2216;220.0;2.0;2.0;4.4;0.2;5903191017862;5903191017879;10
SIGARETTI;AGIO MINI MEHARI'S FILTER NATURAL 5;2752;96.0;0.2;0.2;1.2;0.125;8710622512066;NO;10
SIGARETTE;LUCKY STRIKE RED DA 10;1835;240.0;0.0;0.0;2.4;0.2;40318455;4031800001054;20
SIGARETTE;PALL MALL NEW ORLEANS (RED) 100'S;1749;225.0;1.0;1.0;4.5;0.2;40318318;3258171127409;10
SIGARETTE;YESMOKE 0.6;2072;210.0;8.0;6.0;4.2;0.2;8033254840513;8033254843118;10
SIGARETTE;YESMOKE MENTOLO 0.8;2683;210.0;1.0;1.0;4.2;0.2;8033254840315;NO;10
TRINCIATI PER SIGARETTA;ORIGINAL TRADITION TOBACCO;18406;175.0;0.0;0.0;3.5;0.2;5411808061424;NO;10
SIGARETTE;YESMOKE MENTOLO 0.4;2684;210.0;1.0;1.0;4.2;0.2;8033254840216;NO;10
SIGARI;CHE AROMA 5 WILDE CIGARROS;2729;140.0;0.6;0.6;3.5;0.25;8720400365968;8720400365975;10
SIGARETTE;PUEBLO BLUE;2181;225.0;1.0;1.0;4.5;0.2;4002450777637;NO;10
TRINCIATI PER SIGARETTA;VAN NELLE HALF ZWARE SHAG;566;185.0;0.1;0.1;7.4;0.4;8032817680252;NO;10
SIGARETTE;VOGUE FINE LILAS;868;260.0;0.0;0.0;5.2;0.2;40313917;4031300004340;10
TRINCIATI PER SIGARETTA;ORIGINAL TRADITION GOLD;18409;175.0;0.0;0.0;3.5;0.2;5411808061417;NO;10
TRINCIATI PER SIGARETTA;SAMSON HALFZWARE SHAG ORIGINAL BLEND;345;185.0;0.4;0.3;7.4;0.4;8723900208254;NO;10
TRINCIATI PER SIGARETTA;WINSTON 25G;2624;180.0;0.0;0.0;4.5;0.25;5010175817049;NO;10
SIGARETTE;DAVIDOFF SLIMS BLU;2865;250.0;0.0;0.0;5.0;0.2;4030600022917;4030600022924;10
TRINCIATI PER SIGARETTA;BREAK BLUE 80 GR;2745;195.0;0.0;0.0;15.599999;0.08;5710840081576;NO;1
SIGARETTI;VILLIGER KIEL JUNIOR SUMATRA;844;116.0;1.8;1.8;2.9;0.25;4069400261103;4069400261608;10
SIGARETTE;PETER STUYVESANT BLUE;1201;220.0;0.0;0.0;4.4;0.2;42067252;4030600007570;10
SIGARETTE;CHIARAVALLE VIRGINIA;2679;220.0;2.0;2.0;4.4;0.2;8033765631587;8033765632584;10
SIGARETTE;PALL MALL MANHATTAN (WHITE) KS 20'S;1214;225.0;3.0;2.0;4.5;0.2;40318325;4031800001306;10
SIGARETTE;FORTUNA RED 100'S;1904;215.0;0.0;-1.0;4.3;0.2;3258171934557;3258172934556;10
TRINCIATI PER SIGARETTA;CAMEL 80G;2689;181.25;0.8;0.6;14.5;0.4;4033100035470;NO;5
SIGARETTE;CAMEL SENZA FILTRO;263;240.0;1.0;1.0;4.8;0.2;40329307;4032900005003;10
SIGARETTE;PUEBLO;2099;225.0;1.0;0.0;4.5;0.2;4002450777644;4002450077645;10
SIGARETTI;AUSTIN FILTER CIGARILLOS;2211;74.0;0.0;0.0;3.7;0.5;54506718;5450524005091;10
SIGARETTE;CHIARAVALLE BURLEY &  VIRGINIA;2680;220.0;1.0;1.0;4.4;0.2;8033765631570;8033765632577;10
SIGARETTE;VOGUE LILAS;292;260.0;1.0;1.0;5.2;0.2;40318431;4031300009499;10
SIGARI;ANTICO TOSCANO 30 SIGARI;2576;360.0;1.0;1.0;54.000004;0.15;8059145201140;NO;1
SIGARETTE;PALL MALL SAN FRANCISCO (BLUE) KS 20'S;526;225.0;4.0;2.0;4.5;0.2;40318233;4031800001122;10
SIGARETTE;PETER STUYVESANT GOLD;352;220.0;1.0;1.0;4.4;0.2;40305028;4030600003268;10
SIGARETTE;CAMEL BLUE;478;240.0;7.0;1.0;4.8;0.2;40331591;4033100001598;10
SIGARETTE;FORTUNA BLUE 100'S;1905;215.0;0.0;0.0;4.3;0.2;3258171934564;3258172934563;10
SIGARETTE;LINDA;488;220.0;1.0;0.0;4.4;0.2;8033765631082;8033765632089;10
SIGARETTE;YESMOKE 0.3;2262;210.0;3.0;3.0;4.2;0.2;8033254841015;8033254843217;10
SIGARETTE;PETER STUYVESANT INTERNATIONAL 100'S;547;220.0;1.0;1.0;4.4;0.2;42067139;4030600005774;10
SIGARETTE;LUCKY STRIKE CLICK & ROLL 20'S;2494;240.0;0.0;0.0;4.8;0.2;59041849;5903141010066;10
SIGARETTE;CAMEL ORANGE;464;240.0;1.0;0.0;4.8;0.2;40331744;4033100001741;10
SIGARETTE;PHILIP MORRIS SLIM BLU;367;250.0;2.0;2.0;5.0;0.2;87248975;4023500018906;10
SIGARETTE;VOGUE FINE MENTHE;834;260.0;0.0;0.0;5.2;0.2;40318035;4031300003572;10
TRINCIATI PER SIGARETTA;JPS BLUE (20G);3094;180.0;1.7;1.5;3.6;0.2;8710900004719;8710900804715;10
SIGARETTE;ESPORTAZIONE FILTRO;653;225.0;0.0;0.0;4.5;0.2;8027463106539;8027463206536;10
TRINCIATI PER PIPA;DUNHILL EARLY MORNING PIPE;205;320.0;1.0;1.0;16.0;0.25;5712341140790;5712341140806;5
SIGARETTE;CHESTERFIELD BLUE KS;201;215.0;21.0;14.0;4.3;0.2;87248074;4023500017800;10
SIGARETTE;LUCKY STRIKE RED SOFT;536;230.0;5.0;5.0;4.6;0.2;40318172;4031800001078;10
SIGARI;TOSCANO CLASSICO;416;236.0;1.5;1.3;5.9;0.25;8059145100696;NO;10
SIGARETTE;PALL MALL NEW ORLEANS (RED) KS 20'S;531;225.0;4.0;4.0;4.5;0.2;40313948;4031300009482;10
SIGARETTE;MULTIFILTER PHILIP MORRIS ROSSA 100S SOFT;948;260.0;0.0;0.0;5.2;0.2;87248173;8724800001723;10
SIGARETTE;ALFA FILTRO;853;215.0;1.0;1.0;4.3;0.2;8027463108533;8027463208530;10
SIGARETTE;MARLBORO FLAVOR MIX KS ;259;240.0;1.0;1.0;4.8;0.2;87248982;8724800000757;10
SIGARETTE;MERIT KS;997;260.0;4.0;1.0;5.2;0.2;87248289;4023500007283;10
SIGARETTE;PHILIP MORRIS SELECTION RED;2603;225.0;0.0;0.0;4.5;0.2;80784975;8032817680535;10
SIGARETTE;WINSTON XS WHITE;2701;225.0;2.0;1.0;4.5;0.2;4033100037702;4033100037719;10
SIGARETTE;DIANA AZZURRA 100'S;2705;225.0;1.0;1.0;4.5;0.2;80777403;8032817680719;10
SIGARETTE;VOGUE FINE BLEUE ;544;260.0;1.0;1.0;5.2;0.2;40313030;4031300003084;10
SIGARETTE;MARLBORO KS SOFT;396;240.0;4.0;3.0;4.8;0.2;87248586;5410706223231;10
SIGARETTE;LINDA BLU;841;220.0;1.0;1.0;4.4;0.2;8033765631099;8033765632096;10
SIGARETTE;JPS SILVER DA 10;2884;210.0;0.0;0.0;2.1;0.2;4030600089934;4030600089941;20
SIGARETTE;MARLBORO GOLD KS SOFT;618;240.0;2.0;1.0;4.8;0.2;87248579;3258171028003;10
SIGARI;TOSCANELLO CAFFϿϿ� RISTRETTO;2897;180.0;1.1;1.1;4.5;0.25;8059145102669;NO;10
SIGARETTE;L&M RED LABEL KS;1313;210.0;7.0;6.0;4.2;0.2;87248784;4023500006507;10
SIGARETTE;ROTHMANS OF LONDON SLIM BLUE;3010;210.0;3.0;3.0;4.2;0.2;5000219023901;5000219023918;10
SIGARETTE;VOGUE MENTHE ;821;260.0;1.0;1.0;5.2;0.2;40313818;4031300007402;10
SIGARETTE;JPS RED DA 10;2290;210.0;1.0;1.0;2.1;0.2;4030600088586;4030600088609;20
SIGARETTE;MARLBORO GOLD 100S ;651;260.0;0.0;0.0;5.2;0.2;87248258;8724800001839;10
SIGARETTE;MULTIFILTER PHILIP MORRIS BLU 100S;951;260.0;1.0;0.0;5.2;0.2;87248692;4023500001090;10
SIGARETTE;CORTINA SUPER KS;525;250.0;1.0;1.0;5.0;0.2;40318059;4031300008652;10
SIGARETTE;DUNHILL BLUE SLIM;818;260.0;0.0;0.0;5.2;0.2;87208252;4066900010330;10
SIGARETTE;DUNHILL INTERNATIONAL;549;265.0;1.0;1.0;5.3;0.2;87217124;8721700917512;10
SIGARETTE;DUNHILL GOLD SLIM;291;260.0;2.0;2.0;5.2;0.2;87208733;4066900010316;10
SIGARETTE;MARLBORO GOLD TOUCH KS;2214;240.0;6.0;5.0;4.8;0.2;80750130;8032817680290;10
SIGARI;TOSCANO CLASSICO N.10 SIGARI;2497;200.0;6.0;4.0;10.0;0.25;8059145102133;8059145202130;5
SIGARETTE;VOGUE BLEUE ;600;260.0;1.0;1.0;5.2;0.2;40313726;4031300006566;10
TRINCIATI PER SIGARETTA;GOLDEN VIRGINIA YELLOW 40G;1915;185.0;1.2;1.0;7.4;0.4;8710900042582;NO;10
SIGARETTE;MARLBORO KS;395;260.0;13.0;9.0;5.2;0.2;87248593;5410706223156;10
SIGARETTE;MS CHIARE;851;225.0;5.0;5.0;4.5;0.2;8027463108519;8027463208516;10
SIGARETTE;MULTIFILTER PHILIP MORRIS BLU 100S SOFT;875;260.0;0.0;0.0;5.2;0.2;87248050;NO;10
SIGARETTE;WINSTON BLUE SOFT;1733;220.0;0.0;0.0;4.4;0.2;40331034;4033100000232;10
TRINCIATI PER SIGARETTA;MARLBORO GOLD ORIGINAL 70 G;2769;184.29;0.4;0.2;12.900299;0.35;8032817680801;8032817680818;5
TRINCIATI PER PIPA;KENTUCKY BIRD 50G;32;180.0;0.0;0.0;9.0;0.25;5712341125728;5712341125735;5
SIGARETTE;CAMEL SILVER 100'S;2295;240.0;2.0;2.0;4.8;0.2;4033100013461;4033100013478;10
SIGARETTE;BLACK DEVIL SPECIAL FLAVOUR;2020;215.0;1.0;1.0;4.3;0.2;8710151546587;8710151546648;10
SIGARETTE;MERIT 100S ;949;260.0;2.0;1.0;5.2;0.2;87248890;8724800001600;10
SIGARETTI;AGIO MINI MEHARI'S FILTER VANILLA;2166;98.0;1.1;0.8;4.9;0.5;8710622504047;NO;10
SIGARETTE;JPS BLUE DA 10;2289;210.0;2.0;0.0;2.1;0.2;4030600088579;4030600088593;20
TRINCIATI PER SIGARETTA;DRUM 100% TOBACCO;2521;184.0;0.0;0.0;4.6;0.25;8710900083288;NO;10
SIGARETTE;MARLBORO GOLD KS;9;260.0;16.0;10.0;5.2;0.2;87248265;8724800001617;10
TRINCIATI PER SIGARETTA;OLD HOLBORN BLONDE 25GR;2386;200.0;1.3;1.3;5.0;0.25;5010175810033;NO;10
SIGARETTE;JPS SILVER;300;210.0;3.0;3.0;4.2;0.2;50415434;5010813801164;10
SIGARETTE;MS CLUB SLIM;231;225.0;3.0;3.0;4.5;0.2;8027463102319;8027463202316;10
SIGARETTE;LUCKY STRIKE BLUE SOFT;2239;230.0;2.0;2.0;4.6;0.2;42196044;4031300080566;10
SIGARETTE;NATURAL AMERICAN SPIRIT BLUE;1942;265.0;0.0;0.0;5.3;0.2;4043058002417;4043058002424;10
SIGARETTE;AUSTIN RED;1586;207.5;0.0;0.0;4.15;0.2;54505131;5450524021794;10
SIGARETTE;MS AZZURRE;1639;225.0;0.0;0.0;4.5;0.2;8027463199999;NO;10
SIGARETTE;CAMEL BLACK LSS;2886;230.0;2.0;1.0;4.6;0.2;42139522;4033100043628;10
SIGARETTE;CAMEL ACTIVATE;2558;240.0;6.0;4.0;4.8;0.2;42139621;4033100020704;10
SIGARETTE;MERIT UNO KS;376;260.0;1.0;1.0;5.2;0.2;87248067;8724800002300;10
SIGARETTE;MS ROSSE SOFT;852;225.0;1.0;1.0;4.5;0.2;8027463108526;8027463208523;10
SIGARETTE;LUCKY STRIKE GUSTO AUTENTICO BLU;2614;240.0;1.0;1.0;4.8;0.2;59928133;5998900409380;10
SIGARETTE;JPS RED;293;210.0;2.0;2.0;4.2;0.2;50415427;5010813801157;10
SIGARETTE;MURATTI AMBASSADOR GOLD KS ;876;260.0;2.0;2.0;5.2;0.2;87248029;8724800003666;10
TRINCIATI PER SIGARETTA;GAULOISES 100% SENZA ADDITIVI;2697;185.0;1.4;1.4;3.7;0.2;8710900009233;NO;10
SIGARETTE;DAVIDOFF ID ORANGE;2666;230.0;0.0;0.0;4.6;0.2;4030600076187;4030600076200;10
SIGARETTE;MS BIANCHE;857;225.0;3.0;2.0;4.5;0.2;8027463108571;8027463208578;10
TRINCIATI PER SIGARETTA;CHESTERFIELD ROLL YOUR OWN 80 G;2555;183.75;0.6;0.6;14.7;0.4;8032817680450;NO;5
SIGARETTE;CHESTERFIELD KS SOFT;2081;210.0;3.0;0.0;4.2;0.2;80736745;8032817680184;10
TRINCIATI PER SIGARETTA;PUEBLO 70;2774;192.86;2.6;2.2;13.5002;0.35;4002450229075;NO;5
SIGARI;TOSCANO GARIBALDI;400;200.0;0.8;0.6;5.0;0.25;8059145100290;NO;10
SIGARETTI;AGIO MINI MEHARI'S VANILLA 5;2502;120.0;0.1;0.1;1.5;0.125;8710622504993;NO;10
SIGARETTI;AGIO MINI MEHARI'S FILTER VANILLA 5;2167;120.0;0.0;0.0;1.5;0.125;8710622504054;NO;10
SIGARETTE;CAMEL WHITE LSS;2887;230.0;2.0;2.0;4.6;0.2;42139539;4033100043659;10
TRINCIATI PER SIGARETTA;PALL MALL MAXXI 10G;2874;200.0;1.0;0.8;2.0;0.1;8723900208575;8723900208582;10
SIGARETTE;CAMEL BLUE SOFT;632;230.0;5.0;4.0;4.6;0.2;40331904;4033100001901;10
SIGARETTE;MARLBORO FLAVOR MIX KS DA 10;197;240.0;0.0;0.0;2.4;0.2;87248685;NO;20
SIGARETTE;MURATTI AMBASSADOR BLU KS;574;260.0;2.0;1.0;5.2;0.2;87248043;8724800003673;10
SIGARETTE;PALL MALL FREE;2640;225.0;2.0;2.0;4.5;0.2;42222439;4031300102053;10
SIGARETTE;CAMEL ACTIVATE WHITE ;3023;240.0;0.0;0.0;4.8;0.2;42139683;4033100037573;10
SIGARETTE;CHESTERFIELD BLUE KS SOFT;2082;210.0;4.0;4.0;4.2;0.2;80736752;8032817680191;10
SIGARETTE;CHESTERFIELD KS ;96;215.0;9.0;-4.1;4.3;0.2;87248678;4023500015813;10
TRINCIATI PER SIGARETTA;DIANA VOLUME TOBACCO 15G;2924;186.67;1.8;0.6;2.8000503;0.15;8032817680856;8032817680863;10
SIGARETTE;DAVIDOFF GOLD;758;250.0;0.0;0.0;5.0;0.2;40306445;4030600008300;10
TRINCIATI PER SIGARETTA;CHESTERFIELD BLUE (50G);3043;184.0;2.0;1.4;9.2;0.25;8032817681044;NO;5
TRINCIATI PER SIGARETTA;MARLBORO 20 G;2766;185.0;2.0;1.6;3.7;0.2;8032817680740;8032817680757;10
SIGARETTE;MULTIFILTER PHILIP MORRIS ROSSA 100S;952;260.0;3.0;3.0;5.2;0.2;87248654;4023500001106;10
TRINCIATI PER SIGARETTA;CHESTERFIELD ROLL YOUR OWN;1806;184.0;5.0;4.3;4.6;0.25;8032817680436;8032817680443;10
SIGARETTE;MARLBORO SILVER;2616;260.0;2.0;1.0;5.2;0.2;87248296;8032817680597;10
TRINCIATI PER SIGARETTA;PUEBLO BLUE 30G;2824;195.0;0.8;0.7;5.8500004;0.3;4002450223509;4002450023505;10
SIGARETTI;AGIO MINI MEHARI'S VANILLA;2501;94.0;0.4;0.4;4.7;0.5;8710622504979;NO;10
SIGARETTE;PALL MALL SUPERSLIMS AMBER;1786;225.0;1.0;1.0;4.5;0.2;8027463117863;8027463217860;10
SIGARETTE;DIANA BLU KS DA 10;654;230.0;2.0;2.0;2.3;0.2;87248159;8724800001099;20
SIGARETTE;WEST RED 20;1634;225.0;1.0;1.0;4.5;0.2;40307008;4030400500028;10
TRINCIATI PER SIGARETTA;MANITOU VIRGINIA PINK;2488;180.0;0.1;0.1;5.4000006;0.3;4006396134486;NO;10
TRINCIATI PER SIGARETTA;WINSTON 80G;2625;180.0;1.0;1.0;14.4;0.4;4033100033094;NO;5
TRINCIATI PER SIGARETTA;BREAK BLUE 20 GR;2743;195.0;1.1;1.1;3.9;0.2;5710840081521;NO;10
SIGARETTE;PALL MALL MIAMI (AZURE) KS 20'S;427;225.0;3.0;2.0;4.5;0.2;40318394;4031800001382;10
TRINCIATI PER SIGARETTA;PALL MALL MAXXI 50G;2875;200.0;1.0;1.0;10.0;0.25;8723900208599;NO;5
TRINCIATI PER SIGARETTA;JPS RED (20G);3095;180.0;1.3;1.3;3.6;0.2;8710900004610;8710900804616;10
SIGARETTE;ESSE BLUE;2574;215.0;2.0;2.0;4.3;0.2;88011967;8801116200443;10
SIGARETTE;GLAMOUR SUNSHINE AROMA SUPERSLIMS;2543;220.0;1.0;0.9;4.4;0.2;4033100020353;NO;10
SIGARETTE;MARLBORO PRIME;2688;260.0;2.0;1.0;5.2;0.2;80966647;8032817680702;10
SIGARETTE;PALL MALL SUPERSLIMS BLUE;1787;225.0;2.0;2.0;4.5;0.2;8027463117870;8027463217877;10
TRINCIATI PER SIGARETTA;FORTUNA RED 20 G;1848;185.0;1.8;0.8;3.7;0.2;3258175992539;3258172992532;10
SIGARETTI;AL CAPONE POCKETS FILTER 20;2452;88.0;1.5;1.5;4.4;0.5;4004018015816;NO;10
SIGARETTE;WINSTON SILVER DA 10;2284;220.0;1.0;0.0;2.2;0.2;4033100013492;4033100013508;20
SIGARETTE;WINSTON BLUE DA 10;1774;220.0;1.0;1.0;2.2;0.2;40329918;4032900001401;20
SIGARETTE;KENT SURROUND;499;260.0;1.0;1.0;5.2;0.2;54029170;5410833362506;10
TRINCIATI PER SIGARETTA;BLACK DEVIL SPECIAL FLAVOUR;2255;180.0;0.2;0.2;7.2;0.2;8710151561948;NO;5
TRINCIATI PER SIGARETTA;ORIGENES;2736;185.0;1.2;1.2;3.7;0.2;8710900002029;8710900802025;10
TRINCIATI PER SIGARETTA;DIANA 75 G;2565;185.33;0.0;0.0;13.89975;0.375;8032817680566;NO;5
SIGARETTE;N80 FILTRO;54;225.0;2.0;2.0;4.5;0.2;8027463100544;8027463200541;10
TRINCIATI PER SIGARETTA;SAMSON EXTRA BRIGHT BLEND;59;185.0;0.4;0.4;7.4;0.4;8723900028173;NO;10
SIGARETTE;DAVIDOFF SLIMS GOLD;583;250.0;1.0;1.0;5.0;0.2;4030600038826;4030600001257;10
SIGARETTE;MERIT KS;497;260.0;2.0;2.0;2.6;0.2;87248623;8724800002324;20
SIGARETTE;WINSTON BLUE SUPERSLIMS;2065;215.0;1.0;0.0;4.3;0.2;42138105;4033100003493;10
SIGARETTI;CAFE' CREME FINOS;2048;100.0;0.4;0.4;2.5;0.25;8720400161911;8720400164585;10
TRINCIATI PER SIGARETTA;MARLBORO 70 G;2767;184.29;0.6;0.2;12.900299;0.35;8032817680764;NO;5
SIGARETTE;CAMEL SILVER;552;240.0;4.0;4.0;4.8;0.2;40329178;4032900001784;10
TRINCIATI PER SIGARETTA;MARLBORO VOLUME TOBACCO RED (10G);3165;190.0;0.8;0.6;1.9;0.1;8032817681228;8032817681235;10
SIGARETTE;DUNHILL RED SLIM;798;260.0;1.0;1.0;5.2;0.2;87208696;4066900010200;10
SIGARETTE;MS SPECIAL STILO 20'S;2425;225.0;2.0;1.0;4.5;0.2;59039518;5903141006649;10
TRINCIATI PER SIGARETTA;CHESTERFIELD BLUE (15G) ;3042;186.67;1.4;0.9;2.8000503;0.15;8032817681020;NO;10
TRINCIATI PER SIGARETTA;NATURAL AMERICAN SPIRIT;1963;200.0;1.4;0.8;6.0000005;0.3;4043058002479;NO;10
TRINCIATI PER SIGARETTA;LUCKY STRIKE ORIGINAL RED (10G);2948;190.0;1.5;1.2;1.9;0.1;8723900210004;8723900210011;10
SIGARETTE;GAULOISES BLONDES BLU DA 10;1772;220.0;0.0;0.0;2.2;0.2;30030060;3258171921519;20
SIGARETTE;CAMEL BLUE 100'S;546;240.0;1.0;1.0;4.8;0.2;40331614;4033100001611;10
TRINCIATI PER SIGARETTA;PETER STUYVESANT INTERNATIONAL 20 GR.;1971;185.0;0.3;0.3;3.7;0.2;8710900082465;NO;10
SIGARETTE;PHILIP MORRIS SELECTION BLU 100;2815;225.0;1.0;1.0;4.5;0.2;80900627;8032817680689;10
TRINCIATI PER SIGARETTA;DOMINGO CELESTE 20 G;2490;180.0;0.0;0.0;3.6000001;0.24;5411808011139;5411808011139;12
SIGARI;PEDRONI ANISETTE;403;160.0;1.5;1.5;4.0;0.25;8059145100764;8027463281823;10
SIGARETTE;WINSTON SILVER SUPERSLIMS;2066;225.0;1.0;1.0;4.5;0.2;42138112;4033100003516;10
TABACCO DA FIUTO O DA MASTICO;MAKLA IFRIKIA;1734;105.0;0.0;0.0;21.0;0.2;3258171496277;NO;1
TRINCIATI PER PIPA;SKANDINAVIK MIXTURE;129;170.0;1.8;1.6;8.5;0.25;5712341136601;5712341136618;5
SIGARETTE;NAZIONALI;634;225.0;0.0;0.0;4.5;0.2;8027463106348;8027463206345;10
TRINCIATI PER SIGARETTA;SAMSON BRIGHT BLEND;695;185.0;0.3;0.3;7.4;0.4;8723900103795;NO;10
SIGARETTE;CHESTERFIELD KS DA 10;981;220.0;3.0;2.0;2.2;0.2;87248838;8724800002317;20
SIGARETTE;WEST SILVER 20;1635;225.0;1.0;0.0;4.5;0.2;40307565;4030700001614;10
TRINCIATI PER SIGARETTA;GOLDEN BLEND'S VIRGINIA;1538;195.0;0.4;0.4;7.8;0.4;4002450229679;NO;10
SIGARETTI;AGIO MINI MEHARI'S ANISETTE;855;120.0;0.0;0.0;3.0;0.25;8710622511397;NO;10
TRINCIATI PER SIGARETTA;OLD HOLBORN YELLOW 40GR;16;200.0;1.9;1.8;8.0;0.4;5010175801420;NO;10
SIGARETTI;CAFE' CREME FINOS AROME;2049;100.0;0.7;0.7;2.5;0.25;8720400161928;8720400164615;10
TRINCIATI PER SIGARETTA;APACHE (20G);3003;110.0;2.2;2.2;2.2;0.1;8710151589997;8710151590009;5
SIGARETTE;MARLBORO KS DA 10;397;260.0;0.0;0.0;2.6;0.2;87248500;8032817680153;20
SIGARETTE;ROTHMANS OF LONDON RED 100;2878;210.0;3.0;3.0;4.2;0.2;5000219023703;5000219023710;10
SIGARETTE;PALL MALL LOS ANGELES (AMBER) KS 20'S;1547;225.0;0.0;0.0;4.5;0.2;40318868;4031800002884;10
SIGARETTE;JPS BLUE;2286;210.0;2.0;0.0;4.2;0.2;50435555;5010813816083;10
SIGARETTE;MS CLUB BIANCA;649;225.0;4.0;3.0;4.5;0.2;8027463106492;8027463206499;10
TRINCIATI PER SIGARETTA;NATURAL AMERICAN SPIRIT PERIQUE (25G);2954;220.0;0.4;0.4;5.5;0.125;4043058008099;4043058008105;5
SIGARETTI;ALTERNATIVOS 5 CIGARILLOS;18303;160.0;0.9;0.9;3.2;0.2;5411308101255;NO;10
TRINCIATI PER SIGARETTA;SALSA VIRGINIA BLEND 20 GR;2590;180.0;0.0;0.0;3.6;0.1;5710840049170;NO;5
SIGARETTI;MOODS FILTER;675;124.0;0.5;0.5;6.2;0.5;4004018202209;NO;10
TRINCIATI PER SIGARETTA;MARLBORO GOLD ORIGINAL 20 G;2768;185.0;2.6;2.4;3.7;0.2;8032817680788;8032817680795;10
TRINCIATI PER SIGARETTA;NATURAL AMERICAN SPIRIT ORGANIC BLEND;2306;236.0;1.2;1.2;5.9;0.125;4043058005340;NO;5
SIGARETTE;MERIT BAY KS;2423;230.0;1.0;0.0;4.6;0.2;80772033;8032817680412;10
SIGARETTE;GAULOISES BLONDES GIALLA;477;220.0;2.0;2.0;4.4;0.2;30021112;3258171051216;10
SIGARI;TOSCANELLO SPECIALE;471;200.0;1.2;1.1;5.0;0.25;8059145100726;8059145200723;10
SIGARETTE;MURATTI AMBASSADOR KS SOFT;561;260.0;0.0;0.0;5.2;0.2;40235790;NO;10
SIGARETTE;MARLBORO GOLD KS DA 10;39;260.0;1.0;1.0;2.6;0.2;87248807;8032817680160;20
SIGARETTE;MARLBORO POCKET PACK;2657;240.0;1.0;1.0;4.8;0.2;80979289;8032817680610;10
SIGARETTE;DAVIDOFF ID WHITE;2780;230.0;0.0;0.0;4.6;0.2;4030600076392;NO;10
SIGARETTE;CAMEL FILTERS 100'S;405;240.0;3.0;1.0;4.8;0.2;40329116;4032900005348;10
TRINCIATI PER SIGARETTA;PUEBLO;1927;195.0;5.3;4.4;5.8500004;0.3;4002450223356;4002450023352;10
SIGARETTE;CHE;2420;215.0;0.0;0.0;4.3;0.2;54507425;5450524007897;10
TRINCIATI PER PIPA;AMPHORA FULL AROMA;373;170.0;1.4;1.0;8.5;0.25;5010813804103;5010813804042;5
SIGARI;TOSCANO EXTRAVECCHIO;404;252.0;1.8;1.8;6.3;0.25;8059145100641;NO;10
SIGARETTE;PHILIP MORRIS FILTER KINGS;553;225.0;3.0;2.0;4.5;0.2;87248517;8724800001945;10
TRINCIATI PER SIGARETTA;PETER STUYVESANT GOLD 20 GR.;1972;185.0;2.9;2.9;3.7;0.2;8710900082489;NO;10
SIGARETTE;NAZIONALE BOX;251;225.0;0.0;0.0;4.5;0.2;8027463102517;8027463202514;10
SIGARETTE;FORTUNA BLUE DA 10;1727;215.0;1.0;1.0;2.15;0.2;84160614;NO;20
SIGARETTE;GITANES;888;260.0;1.0;1.0;5.2;0.2;30002395;3258171001402;10
SIGARI;AMMEZZATI TOSCANO GARIBALDI;684;144.0;2.0;1.9;3.6;0.25;8059145100078;8059145200075;10
SIGARI;TOSCANELLO AROMA VANIGLIA;2223;172.0;1.9;1.9;4.3;0.25;8059145101457;8059145201454;10
SIGARETTE;ROTHMANS OF LONDON SILVER 20;2654;210.0;2.0;1.0;4.2;0.2;59460633;5948530003878;10
SIGARETTE;DIANA BLU KS ;630;225.0;10.0;-1.0;4.5;0.2;87248715;4023500030021;10
TRINCIATI PER PIPA;CLAN HIGHLAND GOLD;2105;156.0;1.0;1.0;7.8;0.25;5712341064539;5712341064546;5
TRINCIATI PER SIGARETTA;DIANA VOLUME TOBACCO 50G;2925;184.0;1.2;1.0;9.2;0.25;8032817680870;NO;5
TRINCIATI PER SIGARETTA;ORIGENES VIRGINIA;2737;185.0;1.0;1.0;3.7;0.2;8710900002128;8710900802124;10
SIGARETTE;PALL MALL SAN FRANCISCO (BLUE) 100'S;1219;225.0;2.0;2.0;4.5;0.2;40318639;4031800001696;10
SIGARETTE;MERIT BLU KS ;874;260.0;0.0;0.0;5.2;0.2;87248722;8724800001631;10
SIGARI;TOSCANO EXTRAVECCHIO DA 40 SIGARI;2276;250.0;5.0;5.0;50.0;0.2;8059145100856;NO;1
SIGARETTE;ESPORTAZIONE;627;225.0;2.0;1.0;4.5;0.2;8027463106270;8027463206277;10
SIGARETTE;COLOMBO K.S. FILTRO;647;225.0;1.0;0.0;4.5;0.2;8027463106478;8027463206475;10
SIGARETTE;PHILIP MORRIS SLIM ROSSA;877;250.0;1.0;1.0;5.0;0.2;87248869;4023500001410;10
SIGARETTE;DIANA ROSSA 100'S;1982;225.0;2.0;2.0;4.5;0.2;80729891;8032817680023;10
SIGARETTI;AL CAPONE SWEETS FILTER 10;1872;116.0;1.3;1.3;2.9;0.5;4004018353000;NO;20
TRINCIATI PER PIPA;MAC BAREN 7 SEAS GOLD BLEND;2347;140.0;0.0;0.0;7.0;0.25;5707294076906;5707294076913;5
SIGARETTE;PALL MALL MIAMI (AZURE) KS DA 10;1724;230.0;0.0;0.0;2.3;0.2;42145424;5000219521018;20
SIGARETTE;MARLBORO BLEND 29;1785;260.0;0.0;0.0;5.2;0.2;80718635;8032817680078;10
TRINCIATI PER SIGARETTA;WINSTON RED (50G);3040;168.0;1.4;1.0;8.4;0.25;4033100051357;NO;5
SIGARETTE;NAZIONALI FILTRO;658;225.0;0.0;0.0;4.5;0.2;8027463106584;8027463206581;10
SIGARETTE;MS CHIARE SOFT;850;225.0;0.0;0.0;4.5;0.2;8027463108502;NO;10
TRINCIATI PER SIGARETTA;GOLDEN VIRGINIA GREEN 40G;801;185.0;1.6;1.4;7.4;0.4;50434640;8710900841550;10
TRINCIATI PER SIGARETTA;PUEBLO BURLEY BLEND;2281;195.0;0.0;0.0;5.8500004;0.3;4002450223554;NO;10
SIGARETTE;CAMEL SILVER DA 10;2285;240.0;0.0;0.0;2.4;0.2;4033100013430;4033100013447;20
TRINCIATI PER PIPA;AMPHORA RICH AROMA;349;170.0;1.0;1.0;8.5;0.25;5010813804127;5010813804301;5
SIGARI;ANTICO TOSCANO;413;348.0;1.2;1.1;8.7;0.25;8059145100665;NO;10
TRINCIATI PER SIGARETTA;ROLL YOUR OWN AMERICAN BLEND;2552;190.0;1.6;1.6;5.7000003;0.3;5707294093293;5707294093309;10
SIGARETTE;NATURAL AMERICAN SPIRIT YELLOW;1943;265.0;0.0;0.0;5.3;0.2;4043058002448;NO;10
SIGARI;TOSCANELLO SCELTO;2304;168.0;0.9;0.9;4.2;0.25;8059145100863;8027463281557;10
SIGARETTE;YESMOKE 0.8;2069;210.0;4.0;1.0;4.2;0.2;8033254840018;8033254843019;10
SIGARETTE;PHILIP MORRIS SELECTION BLUE;2602;225.0;1.0;1.0;4.5;0.2;80905271;8032817680580;10
SIGARETTI;AL CAPONE CAFFE';2377;92.0;0.0;0.0;4.6;0.5;4004018014710;4004018012273;10
SIGARETTE;YESMOKE 0.1;2682;210.0;5.0;5.0;4.2;0.2;8033254840117;8033254843415;10
SIGARETTE;ROTHMANS OF LONDON SILVER 100;2880;210.0;1.0;1.0;4.2;0.2;5000219023741;5000219023758;10
TRINCIATI PER SIGARETTA;OLD HOLBORN 40GR;907;200.0;1.8;1.7;8.0;0.4;5010175015315;3258171450545;10
SIGARETTE;JPS BLUE SOFT;2956;200.0;1.0;-2.0;4.0;0.2;4030600091692;4030600091708;10
SIGARETTE;MURATTI AMBASSADOR KS ;560;260.0;5.0;5.0;5.2;0.2;87248098;8724800003680;10
SIGARETTE;CAMEL BLUE DA 10;489;240.0;2.0;1.0;2.4;0.2;40329192;4032900000862;20
SIGARETTE;BIS;686;225.0;1.0;1.0;4.5;0.2;8027463106867;8027463206864;10
TRINCIATI PER SIGARETTA;DIANA;2564;185.0;1.4;1.3;3.7;0.2;8032817680542;NO;10
TRINCIATI PER PIPA;DUNHILL MY MIXTURE 965;206;320.0;0.2;0.0;16.0;0.25;5710840115127;5712341141018;5
TRINCIATI PER SIGARETTA;GOLDEN VIRGINIA GREEN 25G;1739;184.0;0.9;0.9;4.6;0.25;50434633;NO;10
SIGARETTE;JPS BLACK ORIGINAL;154;210.0;2.0;1.0;4.2;0.2;50415083;5010813800198;10
SIGARETTE;MURATTI AMBASSADOR SUPER SLIM;374;260.0;2.0;2.0;5.2;0.2;87248753;5410706232554;10
SIGARETTE;MS ACQUA E TABACCO BLU;2918;225.0;0.0;0.0;4.5;0.2;5000219023581;5000219023598;10
SIGARETTE;WINSTON SILVER 100'S;2296;225.0;0.0;0.0;4.5;0.2;4033100013522;4033100013539;10
SIGARETTE;LIDO BLU;87;225.0;1.0;1.0;4.5;0.2;8027463100872;8027463200879;10
SIGARETTE;MULTIFILTER PHILIP MORRIS SLIMS ROSSA;984;260.0;1.0;1.0;5.2;0.2;87248746;4023500022903;10
SIGARI;TOSCANO SOLDATI;1925;360.0;0.0;0.0;9.0;0.25;8027463188863;NO;10
SIGARETTE;MARLBORO COMPACT;2107;240.0;2.0;2.0;4.8;0.2;80738619;8032817680221;10
SIGARETTE;SUPER FILTRO;666;225.0;1.0;1.0;4.5;0.2;8027463106669;8027463206666;10
TRINCIATI PER SIGARETTA;CAMEL ESSENTIAL 25G;2638;184.0;0.6;0.6;4.6;0.25;4033100013126;4033100013133;10
SIGARI;TOSCANELLO;410;140.0;0.8;0.8;3.5;0.25;8059145100788;8027463204105;10
SIGARETTE;MS BIONDE DA 10;183;230.0;0.0;0.0;2.3;0.2;8027463101831;8027463201838;20
SIGARI;PEDRONI CLASSICO;45;140.0;1.3;1.3;3.5;0.25;8027463100452;8027463281830;10
SIGARETTE;CAMEL ONE;2108;240.0;2.0;2.0;4.8;0.2;42139126;4033100007934;10
SIGARETTE;ROTHMANS OF LONDON SLIM SILVER;3011;210.0;1.0;1.0;4.2;0.2;5000219023925;5000219023932;10
SIGARETTE;CAMEL ACTIVATE DA 10;2699;240.0;0.0;0.0;2.4;0.2;4033100036002;4033100036019;20
SIGARETTE;PALL MALL MIAMI (AZURE) 100'S;1215;225.0;1.0;1.0;4.5;0.2;40318646;4031800001719;10
SIGARETTE;ROTHMANS OF LONDON BLU 100;2879;210.0;4.0;3.0;4.2;0.2;5000219023727;5000219023734;10
TRINCIATI PER SIGARETTA;GOLDEN VIRGINIA YELLOW 25G;1740;184.0;0.9;0.9;4.6;0.25;50434183;NO;10
TRINCIATI PER SIGARETTA;LUCKY STRIKE ORIGINAL RED;2645;180.0;1.0;1.0;3.6;0.2;8723900203396;NO;10
SIGARETTE;MS ACQUA E TABACCO RED;2920;225.0;2.0;2.0;4.5;0.2;5000219023567;NO;10
SIGARI;TOSCANELLO AROMA ANICE;88;180.0;1.0;1.0;4.5;0.25;8027463100889;8027463200886;10
TRINCIATI PER SIGARETTA;SALSA AMERICAN BLEND 20 GR;2586;180.0;0.0;0.0;3.6;0.1;5710840049149;5710840049156;5
